Activity,Category,Season,Duration,Cost,Comments
The Track,TV/Movies to watch,Any,<4hr,Free,Get it on Amazon Prime
Project Hail Mary,TV/Movies to watch,Any,<4hr,Free,Get it on Amazon Prime
The Lion King,TV/Movies to watch,Any,<4hr,Free,
Arran,Places to go,Summer,<7days,Medium,
Mull,Places to go,Summer,<7days,Medium,
Skye,Places to go,Summer,<7days,Medium,
Nom Nom Asia,Places to Eat,Any,<4hr,Low,
Japan Street Food,Places to Eat,Any,<4hr,Low,
Watch baby Lambs,Nature and shit,Spring,<4hr,Free,
Car Park in the sky for stargazing,Nature and shit,Any,<4hr,Free,
Forest exploring,Nature and shit,Any,<4hr,Free,
Al Fresco Sauna and cold dip,Nature and shit,Any,<4hr,Low,
Troon Beach,Places to go,Summer,<24hrs,Low,
RSPB Sanctuary Visit,Nature and shit,Any,<4hr,Free,
Play some vinyl for Jody,Chilling,Any,<4hr,Free,
Camping,Nature and shit,Summer,<48hrs,Low,
Switzerland,Places to go,Any,<7days,High,
Winchin' and cuddling on the couch,Chilling,Any,<4hr,Free,
Gym date,Physical Activity,Any,<4hr,Low,
Theatre,Art and Culture ,Any,<4hr,Medium,
Bouldering maybe,Physical Activity,Any,<4hr,Low,
Hill walk,Physical Activity,Any,<7days,Low,
Snorkelling,Physical Activity,Summer,<4hr,Low,
Aladdin,TV/Movies to watch,Any,<4hr,Free,
Margo,Places to Eat,Any,<4hr,Medium,
Cinema,Places to go,Any,<4hr,Medium,
Drive,Places to go,Any,<4hr,Free,
Ice cream,Places to go,Any,<4hr,Low,
Graffiti Tour,Art and Culture ,Any,<4hr,Free,
Paisley Museum,Art and Culture ,Any,<4hr,Free,when it opens
Cat Jigsaw,Chilling,Any,<4hr,Free,Will definitely need wine!
Scrabble,Chilling,Any,<4hr,Free,Wine might be required
Foot Bath,Chilling,Any,<4hr,Free,
Mallaig,Places to go,Summer,<24hrs,Low,
Shallow Hal,TV/Movies to watch,Any,<4hr,Free,
